<?xml version="1.0" encoding="UTF-8" standalone="yes"?>
<contentHaul xmlns:a="http://www.appian.com/ae/types/2009">
    <versionUuid>_a-0000df6d-83a9-8000-9ba2-011c48011c48_99980</versionUuid>
    <constant>
        <name>EUL_FIELD_NAMES</name>
        <uuid>_a-0000df6d-83a9-8000-9ba2-011c48011c48_99977</uuid>
        <description>Constant storing all of the field names from the CDT. Used to check for changes to the CDT. Parallel to the FIELD_DISPLAY_NAMES and FIELD_TYPES constants. [Activity History]</description>
        <parentUuid>8478837e-9b98-48d5-93ed-a6245e413cf2</parentUuid>
        <visibility>
            <advertise>false</advertise>
            <hierarchy>true</hierarchy>
            <indexable>true</indexable>
            <quota>false</quota>
            <searchable>true</searchable>
            <system>false</system>
            <unlogged>false</unlogged>
        </visibility>
        <typedValue>
            <type>
                <name>Text?list</name>
                <namespace>http://www.appian.com/ae/types/2009</namespace>
            </type>
            <value>
                <el>software</el>
                <el>version</el>
                <el>manufacturer</el>
                <el>vendor</el>
                <el>poNumber</el>
                <el>purchaseDate</el>
                <el>assignee</el>
                <el>ntid</el>
                <el>email</el>
                <el>licenseKey</el>
                <el>expirationDate</el>
                <el>comments</el>
                <el>status</el>
                <el>priority</el>
            </value>
        </typedValue>
        <isEnvironmentSpecific>false</isEnvironmentSpecific>
    </constant>
    <roleMap public="false">
        <role inherit="true" allowForAll="false" name="readers">
            <users/>
            <groups/>
        </role>
        <role inherit="true" allowForAll="false" name="authors">
            <users/>
            <groups/>
        </role>
        <role inherit="true" allowForAll="false" name="administrators">
            <users/>
            <groups/>
        </role>
        <role inherit="false" allowForAll="false" name="denyReaders">
            <users/>
            <groups/>
        </role>
        <role inherit="false" allowForAll="false" name="denyAuthors">
            <users/>
            <groups/>
        </role>
        <role inherit="false" allowForAll="false" name="denyAdministrators">
            <users/>
            <groups/>
        </role>
    </roleMap>
    <history>
        <historyInfo versionUuid="_a-0000df6d-83a9-8000-9ba2-011c48011c48_99980"/>
    </history>
</contentHaul>
