<?xml version="1.0" encoding="UTF-8" standalone="yes"?>
<contentHaul xmlns:a="http://www.appian.com/ae/types/2009">
    <versionUuid>_a-0000df6d-83a9-8000-9ba2-011c48011c48_100285</versionUuid>
    <rule>
        <name>EUL_EndUserLicenseDetails</name>
        <uuid>_a-0000df6d-83a9-8000-9ba2-011c48011c48_99917</uuid>
        <description>Section interface showing the base End User License interface module. Contains all the basic fields of the record. Used by the summary record view, create and update forms, as well as task forms. [Base] [Records]</description>
        <parentUuid>8478837e-9b98-48d5-93ed-a6245e413cf2</parentUuid>
        <visibility>
            <advertise>false</advertise>
            <hierarchy>true</hierarchy>
            <indexable>true</indexable>
            <quota>false</quota>
            <searchable>true</searchable>
            <system>false</system>
            <unlogged>false</unlogged>
        </visibility>
        <definition>load(
  /* The local variables store the options for the Pick Single / Multiple from List fields    *
   * We only show the active options, plus any inactive options already stored on this record */
  local!statusOptions: if(ri!record.status.active,#"_a-0000df6d-83a9-8000-9ba2-011c48011c48_99873"(#"_a-0000df6d-83a9-8000-9ba2-011c48011c48_100014"(), null),#"_a-0000df6d-83a9-8000-9ba2-011c48011c48_99873"(#"_a-0000df6d-83a9-8000-9ba2-011c48011c48_100014"(), ri!record.status.id)),
  local!priorityOptions: if(ri!record.priority.active,#"_a-0000df6d-83a9-8000-9ba2-011c48011c48_99873"(#"_a-0000df6d-83a9-8000-9ba2-011c48011c48_100018"(), null),#"_a-0000df6d-83a9-8000-9ba2-011c48011c48_99873"(#"_a-0000df6d-83a9-8000-9ba2-011c48011c48_100018"(), ri!record.priority.id)),
  {
    #"SYSTEM_SYSRULES_sectionLayout_v1"(
      label: ri!label,
      contents: #"SYSTEM_SYSRULES_columnsLayout"(
        columns: {
          #"SYSTEM_SYSRULES_columnLayout"(
            contents: {
        #"SYSTEM_SYSRULES_textField"(
          label: "Software",
          labelPosition: if(ri!readOnly, "ADJACENT", "ABOVE"),
          instructions: if(ri!readOnly, "", ""),
          helpTooltip: if(ri!readOnly, "", ""),
          placeholder: if(ri!readOnly, "", ""),
          required: not(ri!readOnly),
          value: ri!record.software,
          saveInto: ri!record.software,
          readOnly: ri!readOnly,
          validations: if(
            len(ri!record.software) &lt;= 200,
            "",
            "Value may not be longer than 200 characters. You have entered " &amp; len(ri!record.software) &amp; " characters."
          )
        ),
        #"SYSTEM_SYSRULES_textField"(
          label: "Version",
          labelPosition: if(ri!readOnly, "ADJACENT", "ABOVE"),
          instructions: if(ri!readOnly, "", ""),
          helpTooltip: if(ri!readOnly, "", ""),
          placeholder: if(ri!readOnly, "", ""),
          required: false,
          value: ri!record.version,
          saveInto: ri!record.version,
          readOnly: ri!readOnly,
          validations: if(
            len(ri!record.version) &lt;= 200,
            "",
            "Value may not be longer than 200 characters. You have entered " &amp; len(ri!record.version) &amp; " characters."
          )
        ),
        #"SYSTEM_SYSRULES_textField"(
          label: "Manufacturer",
          labelPosition: if(ri!readOnly, "ADJACENT", "ABOVE"),
          instructions: if(ri!readOnly, "", ""),
          helpTooltip: if(ri!readOnly, "", ""),
          placeholder: if(ri!readOnly, "", ""),
          required: not(ri!readOnly),
          value: ri!record.manufacturer,
          saveInto: ri!record.manufacturer,
          readOnly: ri!readOnly,
          validations: if(
            len(ri!record.manufacturer) &lt;= 200,
            "",
            "Value may not be longer than 200 characters. You have entered " &amp; len(ri!record.manufacturer) &amp; " characters."
          )
        ),
        #"SYSTEM_SYSRULES_textField"(
          label: "Vendor",
          labelPosition: if(ri!readOnly, "ADJACENT", "ABOVE"),
          instructions: if(ri!readOnly, "", ""),
          helpTooltip: if(ri!readOnly, "", ""),
          placeholder: if(ri!readOnly, "", ""),
          required: not(ri!readOnly),
          value: ri!record.vendor,
          saveInto: ri!record.vendor,
          readOnly: ri!readOnly,
          validations: if(
            len(ri!record.vendor) &lt;= 200,
            "",
            "Value may not be longer than 200 characters. You have entered " &amp; len(ri!record.vendor) &amp; " characters."
          )
        ),
        #"SYSTEM_SYSRULES_floatingPointField"(
          label: "PO Number",
          labelPosition: if(ri!readOnly, "ADJACENT", "ABOVE"),
          instructions: if(ri!readOnly, "", ""),
          helpTooltip: if(ri!readOnly, "", ""),
          placeholder: if(ri!readOnly, "", ""),
          required: not(ri!readOnly),
          value: ri!record.poNumber,
          saveInto: ri!record.poNumber,
          readOnly: ri!readOnly
        ),
        #"SYSTEM_SYSRULES_dateField"(
          label: "Purchase Date",
          labelPosition: if(ri!readOnly, "ADJACENT", "ABOVE"),
          instructions: if(ri!readOnly, "", ""),
          helpTooltip: if(ri!readOnly, "", ""),
          required: not(ri!readOnly),
          value: ri!record.purchaseDate,
          saveInto: ri!record.purchaseDate,
          readOnly: ri!readOnly
        ),
        #"SYSTEM_SYSRULES_textField"(
          label: "Assignee",
          labelPosition: if(ri!readOnly, "ADJACENT", "ABOVE"),
          instructions: if(ri!readOnly, "", ""),
          helpTooltip: if(ri!readOnly, "", "Jones, Bob"),
          placeholder: if(ri!readOnly, "", "Last Name, First Name"),
          required: false,
          value: ri!record.assignee,
          saveInto: ri!record.assignee,
          readOnly: ri!readOnly,
          validations: if(
            len(ri!record.assignee) &lt;= 200,
            "",
            "Value may not be longer than 200 characters. You have entered " &amp; len(ri!record.assignee) &amp; " characters."
          )
        ),
              if(
                ri!creating,
                {},
                {
                  #"SYSTEM_SYSRULES_linkField"(
                    label: "Created By",
                    labelPosition: if(ri!readOnly, "ADJACENT", "ABOVE"),
                    links: #"SYSTEM_SYSRULES_userRecordLink"(
                      label: #"333e6823-2f31-4e0b-83ec-e237ee0d0dbf_FORMATNAME"(ri!record.createdBy),
                      user: ri!record.createdBy
                    )
                  ),
                  #"SYSTEM_SYSRULES_textField"(
                    label: "Created On",
                    labelPosition: if(ri!readOnly, "ADJACENT", "ABOVE"),
                    value: #"_a-0000df6d-83a9-8000-9ba2-011c48011c48_99857"(ri!record.createdOn),
                    readOnly: true
                  )
                }
              )
            }
          ),
          #"SYSTEM_SYSRULES_columnLayout"(
            contents: {
        #"SYSTEM_SYSRULES_textField"(
          label: "NT-ID",
          labelPosition: if(ri!readOnly, "ADJACENT", "ABOVE"),
          instructions: if(ri!readOnly, "", ""),
          helpTooltip: if(ri!readOnly, "", ""),
          placeholder: if(ri!readOnly, "", ""),
          required: not(ri!readOnly),
          value: ri!record.ntid,
          saveInto: ri!record.ntid,
          readOnly: ri!readOnly,
          validations: if(
            len(ri!record.ntid) &lt;= 200,
            "",
            "Value may not be longer than 200 characters. You have entered " &amp; len(ri!record.ntid) &amp; " characters."
          )
        ),
        #"SYSTEM_SYSRULES_textField"(
          label: "Email",
          labelPosition: if(ri!readOnly, "ADJACENT", "ABOVE"),
          instructions: if(ri!readOnly, "", ""),
          helpTooltip: if(ri!readOnly, "", ""),
          placeholder: if(ri!readOnly, "", ""),
          required: not(ri!readOnly),
          value: ri!record.email,
          saveInto: ri!record.email,
          readOnly: ri!readOnly,
          validations: if(
            len(ri!record.email) &lt;= 200,
            "",
            "Value may not be longer than 200 characters. You have entered " &amp; len(ri!record.email) &amp; " characters."
          )
        ),
        #"SYSTEM_SYSRULES_textField"(
          label: "License Key",
          labelPosition: if(ri!readOnly, "ADJACENT", "ABOVE"),
          instructions: if(ri!readOnly, "", ""),
          helpTooltip: if(ri!readOnly, "", ""),
          placeholder: if(ri!readOnly, "", ""),
          required: false,
          value: ri!record.licenseKey,
          saveInto: ri!record.licenseKey,
          readOnly: ri!readOnly,
          validations: if(
            len(ri!record.licenseKey) &lt;= 200,
            "",
            "Value may not be longer than 200 characters. You have entered " &amp; len(ri!record.licenseKey) &amp; " characters."
          )
        ),
        #"SYSTEM_SYSRULES_dateField"(
          label: "Expiration Date",
          labelPosition: if(ri!readOnly, "ADJACENT", "ABOVE"),
          instructions: if(ri!readOnly, "", ""),
          helpTooltip: if(ri!readOnly, "", ""),
          required: false,
          value: ri!record.expirationDate,
          saveInto: ri!record.expirationDate,
          readOnly: ri!readOnly
        ),
        #"SYSTEM_SYSRULES_paragraphField"(
          label: "Comments",
          labelPosition: if(ri!readOnly, "ADJACENT", "ABOVE"),
          instructions: if(ri!readOnly, "", ""),
          helpTooltip: if(ri!readOnly, "", ""),
          placeholder: if(ri!readOnly, "", ""),
          required: false,
          value: ri!record.comments.value,
          saveInto: ri!record.comments.value,
          readOnly: ri!readOnly,
          height: "SHORT",
          validations: if(
            len(ri!record.comments.value) &lt;= 4000,
            "",
            "Value may not be longer than 4000 characters. You have entered " &amp; len(ri!record.comments.value) &amp; " characters."
          )
        ),
        if(
          ri!readOnly,
          #"SYSTEM_SYSRULES_textField"(
            label: "Status",
            labelPosition: "ADJACENT",
            value: ri!record.status.value,
            readOnly: true
          ),
          #"SYSTEM_SYSRULES_dropdownField"(
            label: "Status",
            labelPosition: "ABOVE",
            instructions: "",
            helpTooltip: "",
            placeholderLabel: "--- Select a Value ---",
            choiceLabels: local!statusOptions.value,
            choiceValues: local!statusOptions,
            required: false,
            value: ri!record.status,
            saveInto: ri!record.status
          )
        ),
        if(
          ri!readOnly,
          #"SYSTEM_SYSRULES_imageField"(
            label: "Priority",
            labelPosition: "ADJACENT",
            images: if(
              isnull(#"_a-0000df6d-83a9-8000-9ba2-011c48011c48_99905"(ri!record.priority.value)),
              {},
              #"_a-0000df6d-83a9-8000-9ba2-011c48011c48_99905"(ri!record.priority.value)
            ),
            size: "ICON"
          ),
          #"SYSTEM_SYSRULES_dropdownField"(
            label: "Priority",
            labelPosition: "ABOVE",
            instructions: "",
            helpTooltip: "",
            placeholderLabel: "--- Select a Value ---",
            choiceLabels: local!priorityOptions.value,
            choiceValues: local!priorityOptions,
            required: false,
            value: ri!record.priority,
            saveInto: ri!record.priority
          )
        ),
              if(
                ri!creating,
                {},
                {
                  #"SYSTEM_SYSRULES_linkField"(
                    label: "Updated By",
                    labelPosition: if(ri!readOnly, "ADJACENT", "ABOVE"),
                    links: #"SYSTEM_SYSRULES_userRecordLink"(
                      label: #"333e6823-2f31-4e0b-83ec-e237ee0d0dbf_FORMATNAME"(ri!record.updatedBy),
                      user: ri!record.updatedBy
                    )
                  ),
                  #"SYSTEM_SYSRULES_textField"(
                    label: "Updated On",
                    labelPosition: if(ri!readOnly, "ADJACENT", "ABOVE"),
                    value: #"_a-0000df6d-83a9-8000-9ba2-011c48011c48_99857"(ri!record.updatedOn),
                    readOnly: true
                  )
                }
              )
            }
          )
        }
      )
    ),
    #"_a-0000df6d-83a9-8000-9ba2-011c48011c48_99901"(
      documents: ri!documents,
      deletedDocuments: ri!deletedDocuments,
      readOnly: ri!readOnly,
      target: if(ri!creating,
        #"_a-0000df6d-83a9-8000-9ba2-011c48011c48_99829",
        ri!record.folderId
      )
    )
  }
)</definition>
        <namedTypedValue>
            <name>record</name>
            <type>
                <name>EUL_EndUserLicense</name>
                <namespace>urn:com:appian:types:EUL</namespace>
            </type>
        </namedTypedValue>
        <namedTypedValue>
            <name>creating</name>
            <type>
                <name>boolean</name>
                <namespace>http://www.w3.org/2001/XMLSchema</namespace>
            </type>
        </namedTypedValue>
        <namedTypedValue>
            <name>readOnly</name>
            <type>
                <name>boolean</name>
                <namespace>http://www.w3.org/2001/XMLSchema</namespace>
            </type>
        </namedTypedValue>
        <namedTypedValue>
            <name>documents</name>
            <type>
                <name>CollaborationDocument?list</name>
                <namespace>http://www.appian.com/ae/types/2009</namespace>
            </type>
        </namedTypedValue>
        <namedTypedValue>
            <name>label</name>
            <type>
                <name>string</name>
                <namespace>http://www.w3.org/2001/XMLSchema</namespace>
            </type>
            <value/>
        </namedTypedValue>
        <namedTypedValue>
            <name>deletedDocuments</name>
            <type>
                <name>CollaborationDocument?list</name>
                <namespace>http://www.appian.com/ae/types/2009</namespace>
            </type>
        </namedTypedValue>
        <preferredEditor>interface</preferredEditor>
        <offlineEnabled>false</offlineEnabled>
    </rule>
    <roleMap public="true">
        <role inherit="true" allowForAll="false" name="readers">
            <users/>
            <groups/>
        </role>
        <role inherit="true" allowForAll="false" name="authors">
            <users/>
            <groups/>
        </role>
        <role inherit="true" allowForAll="false" name="administrators">
            <users/>
            <groups/>
        </role>
        <role inherit="false" allowForAll="false" name="denyReaders">
            <users/>
            <groups/>
        </role>
        <role inherit="false" allowForAll="false" name="denyAuthors">
            <users/>
            <groups/>
        </role>
        <role inherit="false" allowForAll="false" name="denyAdministrators">
            <users/>
            <groups/>
        </role>
    </roleMap>
    <history>
        <historyInfo versionUuid="_a-0000df6d-83a9-8000-9ba2-011c48011c48_100285"/>
    </history>
</contentHaul>
