<?xml version="1.0" encoding="UTF-8" standalone="yes"?>
<contentHaul xmlns:a="http://www.appian.com/ae/types/2009">
    <versionUuid>_a-0000df6d-83a9-8000-9ba2-011c48011c48_100553</versionUuid>
    <rule>
        <name>EUL_TaskReport</name>
        <uuid>_a-0000df6d-83a9-8000-9ba2-011c48011c48_99961</uuid>
        <description>Dashboard interface for the main task report [Tasking]</description>
        <parentUuid>8478837e-9b98-48d5-93ed-a6245e413cf2</parentUuid>
        <visibility>
            <advertise>false</advertise>
            <hierarchy>true</hierarchy>
            <indexable>true</indexable>
            <quota>false</quota>
            <searchable>true</searchable>
            <system>false</system>
            <unlogged>false</unlogged>
        </visibility>
        <definition>load(
  local!pagingInfo: #"SYSTEM_SYSRULES_pagingInfo"(startIndex: 1, batchSize: 25),
  local!sendingTask: false,
  local!sendTaskSuccess,
  local!toOrFrom: "my tasks",
  {
    /* The first half of the interface shows the controls for sending tasks */
    #"_a-0000df6d-83a9-8000-9ba2-011c48011c48_99969"(
      sendingTask: local!sendingTask,
      sendTaskSuccess: local!sendTaskSuccess
    ),
    #"SYSTEM_SYSRULES_ButtonLayout"(
      showWhen: not(local!sendingTask),
      secondaryButtons: #"SYSTEM_SYSRULES_ButtonWidget"(
        label: "Send New Task",
        value: true,
        saveInto: {
          local!sendingTask,
          a!save(local!sendTaskSuccess, null)
        }
      )
    ),
    /* The second half of the interface shows the tasks assigned to the current user */
    with(
      /* Retrieve data from the process report to use here */
      local!report: a!queryProcessAnalytics(
        report: #"_a-0000df6d-83a9-8000-9ba2-011c48011c48_99833",
        contextProcessModels: #"_a-0000df6d-83a9-8000-9ba2-011c48011c48_99825",
        /* Filter for tasks assigned to the current user or sent by the current user.      *
         * c8 is the field that holds the assignee, c1 is the field that holds the sender. */
        query: #"SYSTEM_SYSRULES_query"(
          filter: #"SYSTEM_SYSRULES_queryFilter"(
            field: if(local!toOrFrom = "my tasks", "c8", "c1"),
            operator: "=",
            value: loggedInUser()
          ),
          pagingInfo: local!pagingInfo
        )
      ),
      /* Retrieve record names to use on record links, because the process report only has record IDs */
      local!recordNames: #"SYSTEM_SYSRULES_queryEntity"(
        entity: #"2d645698-7122-40d3-bf80-8c01d27f57bc_MAINDSECONSTANT",
        query: #"SYSTEM_SYSRULES_query"(
          selection: #"SYSTEM_SYSRULES_querySelection"(
            columns: {
              #"SYSTEM_SYSRULES_queryColumn"(field: "id"),
              #"SYSTEM_SYSRULES_queryColumn"(field: "software")
            }
          ),
          /* Filter to only retrieve records that have open tasks assigned to the current user.  *
           * c7 is the report field that holds record IDs, and the union() call removes          *
           * duplicates from the list.                                                           */
          filter: #"SYSTEM_SYSRULES_queryFilter"(
            field: "id",
            operator: "in",
            value: union(tointeger(index(local!report.data, "c7", {})), tointeger({}))
          ),
          pagingInfo: #"SYSTEM_SYSRULES_pagingInfo"(startIndex: 1, batchSize: -1)
        )
      ),
      {
        #"SYSTEM_SYSRULES_radioButtonField"(
          labelPosition: "COLLAPSED",
          choiceLabels: {"My open tasks", "Open tasks sent by me"},
          choiceValues: {"my tasks", "sent by me"},
          choiceLayout: "COMPACT",
          value: local!toOrFrom,
          saveInto: local!toOrFrom
        ),
        #"SYSTEM_SYSRULES_gridField"(
          labelPosition: "COLLAPSED",
          instructions: local!report.description,
          totalCount: local!report.totalCount,
          emptyGridMessage: if(
            local!toOrFrom = "my tasks",
            "You have no open tasks in the End User Licensing application",
            "No tasks sent by you are currently open in the End User Licensing application"
          ),
          columns: {
            #"SYSTEM_SYSRULES_forEach"(
              items: local!report.columnConfigs,
              expression: #"_a-0000df6d-83a9-8000-9ba2-011c48011c48_99957"(
                columnConfig: fv!item,
                data: local!report.data,
                recordNames: local!recordNames.data,
                filterByRecord: false,
                toOrFrom: local!toOrFrom
              )
            )
          },
          value: local!pagingInfo,
          saveInto: local!pagingInfo
        )
      }
    )
  }
)</definition>
        <metadataExpr></metadataExpr>
        <preferredEditor>interface</preferredEditor>
        <offlineEnabled>false</offlineEnabled>
    </rule>
    <roleMap public="true">
        <role inherit="true" allowForAll="false" name="readers">
            <users/>
            <groups/>
        </role>
        <role inherit="true" allowForAll="false" name="authors">
            <users/>
            <groups/>
        </role>
        <role inherit="true" allowForAll="false" name="administrators">
            <users/>
            <groups/>
        </role>
        <role inherit="false" allowForAll="false" name="denyReaders">
            <users/>
            <groups/>
        </role>
        <role inherit="false" allowForAll="false" name="denyAuthors">
            <users/>
            <groups/>
        </role>
        <role inherit="false" allowForAll="false" name="denyAdministrators">
            <users/>
            <groups/>
        </role>
    </roleMap>
    <history>
        <historyInfo versionUuid="_a-0000df6d-83a9-8000-9ba2-011c48011c48_100553"/>
    </history>
</contentHaul>
