<?xml version="1.0" encoding="UTF-8" standalone="yes"?>
<contentHaul xmlns:a="http://www.appian.com/ae/types/2009">
    <versionUuid>_a-0000df6d-83a9-8000-9ba2-011c48011c48_100321</versionUuid>
    <rule>
        <name>EUL_ActivityHistoryGrid</name>
        <uuid>_a-0000df6d-83a9-8000-9ba2-011c48011c48_99897</uuid>
        <description>Dashboard interface showing a End User License record's activity history in a grid [Activity History] [Records]</description>
        <parentUuid>8478837e-9b98-48d5-93ed-a6245e413cf2</parentUuid>
        <visibility>
            <advertise>false</advertise>
            <hierarchy>true</hierarchy>
            <indexable>true</indexable>
            <quota>false</quota>
            <searchable>true</searchable>
            <system>false</system>
            <unlogged>false</unlogged>
        </visibility>
        <definition>load(
  local!searchTerm,
  local!userFilter,
  local!pagingInfo: #"SYSTEM_SYSRULES_pagingInfo"(1, 25, #"SYSTEM_SYSRULES_sortInfo"("when", false)),
  with(
    local!activities: #"_a-0000df6d-83a9-8000-9ba2-011c48011c48_100022"(ri!id, local!searchTerm, local!userFilter),
    local!activityUsers: #"SYSTEM_SYSRULES_forEach"(items: index(local!activities.data, "who", {}), expression: #"333e6823-2f31-4e0b-83ec-e237ee0d0dbf_FORMATNAME"(fv!item)),
    #"SYSTEM_SYSRULES_dashboardLayout_v1"(
      contents: {
        #"SYSTEM_SYSRULES_sectionLayout_v1"(
          label: "Activity History",
          contents: #"SYSTEM_SYSRULES_columnsLayout"(
            columns: {
              #"SYSTEM_SYSRULES_columnLayout"(
                contents: {
                  #"SYSTEM_SYSRULES_pickerFieldUsers"(
                    labelPosition: "COLLAPSED",
                    placeholder: "Select a user to filter on their activity",
                    groupFilter: #"_a-0000df6d-83a9-8000-9ba2-011c48011c48_99809",
                    maxSelections: 1,
                    value: local!userFilter,
                    saveInto: local!userFilter
                  )
                }
              ),
              #"SYSTEM_SYSRULES_columnLayout"(
                contents: {
                  #"SYSTEM_SYSRULES_textField"(
                    labelPosition: "COLLAPSED",
                    placeholder: "Search activity history actions and details",
                    refreshAfter: "KEYPRESS",
                    value: local!searchTerm,
                    saveInto: local!searchTerm
                  )
                }
              )
            }
          )
        ),
        #"SYSTEM_SYSRULES_sectionLayout_v1"(
          contents: {
            #"SYSTEM_SYSRULES_gridField"(
              labelPosition: "COLLAPSED",
              emptyGridMessage: "No activity entries available",
              totalCount: local!activities.totalCount,
              columns: {
                #"SYSTEM_SYSRULES_gridTextColumn"(
                  label: "User",
                  data: local!activityUsers,
                  field: "who",
                  links: #"SYSTEM_SYSRULES_forEach"(
                    items: index(local!activities.data, "who", {}),
                    expression: #"_a-0000df6d-83a9-8000-9ba2-011c48011c48_99933"(label: local!activityUsers[fv!index], username: fv!item)
                  )
                ),
                #"SYSTEM_SYSRULES_gridTextColumn"(
                  label: "Action",
                  data: index(local!activities.data, "action", {}),
                  field: "action"
                ),
                #"SYSTEM_SYSRULES_gridTextColumn"(
                  label: "Details",
                  data: index(local!activities.data, "details", {}),
                  field: "details"
                ),
                #"SYSTEM_SYSRULES_gridTextColumn"(
                  label: "On",
                  data: #"SYSTEM_SYSRULES_forEach"(items: index(local!activities.data, "when", {}), expression: #"_a-0000df6d-83a9-8000-9ba2-011c48011c48_99857"(fv!item)),
                  field: "when",
                  alignment: "RIGHT"
                )
              },
              value: local!pagingInfo,
              saveInto: local!pagingInfo
            )
          }
        )
      }
    )
  )
)</definition>
        <namedTypedValue>
            <name>id</name>
            <type>
                <name>int</name>
                <namespace>http://www.w3.org/2001/XMLSchema</namespace>
            </type>
        </namedTypedValue>
        <preferredEditor>interface</preferredEditor>
        <offlineEnabled>false</offlineEnabled>
    </rule>
    <roleMap public="true">
        <role inherit="true" allowForAll="false" name="readers">
            <users/>
            <groups/>
        </role>
        <role inherit="true" allowForAll="false" name="authors">
            <users/>
            <groups/>
        </role>
        <role inherit="true" allowForAll="false" name="administrators">
            <users/>
            <groups/>
        </role>
        <role inherit="false" allowForAll="false" name="denyReaders">
            <users/>
            <groups/>
        </role>
        <role inherit="false" allowForAll="false" name="denyAuthors">
            <users/>
            <groups/>
        </role>
        <role inherit="false" allowForAll="false" name="denyAdministrators">
            <users/>
            <groups/>
        </role>
    </roleMap>
    <history>
        <historyInfo versionUuid="_a-0000df6d-83a9-8000-9ba2-011c48011c48_100321"/>
    </history>
</contentHaul>
