<?xml version="1.0" encoding="UTF-8" standalone="yes"?>
<contentHaul xmlns:a="http://www.appian.com/ae/types/2009">
    <versionUuid>_a-0000df6d-83a9-8000-9ba2-011c48011c48_100376</versionUuid>
    <rule>
        <name>EUL_SendTask</name>
        <uuid>_a-0000df6d-83a9-8000-9ba2-011c48011c48_99945</uuid>
        <description>Form interface used to send an ad-hoc task from a End User License record [Tasking]</description>
        <parentUuid>8478837e-9b98-48d5-93ed-a6245e413cf2</parentUuid>
        <visibility>
            <advertise>false</advertise>
            <hierarchy>true</hierarchy>
            <indexable>true</indexable>
            <quota>false</quota>
            <searchable>true</searchable>
            <system>false</system>
            <unlogged>false</unlogged>
        </visibility>
        <definition>=#"SYSTEM_SYSRULES_formLayout_v1"(
  label: if(
    isnull(ri!recordId),
    "Send Task",
    "Send Task from " &amp; #"c7b5436d-d780-411d-b6bd-01235d9f83c7_GETONERECORD"(ri!recordId).software
  ),
  instructions: "Details of this record will be embedded in the task form",
  contents: #"_a-0000df6d-83a9-8000-9ba2-011c48011c48_99949"(
    assignee: ri!assignee,
    taskDetails: ri!taskDetails,
    deadline: ri!deadline
  ),
  buttons: #"SYSTEM_SYSRULES_ButtonLayout"(
    primaryButtons: {
      #"SYSTEM_SYSRULES_ButtonWidgetSubmit"(
        label: "Send Task",
        style: "PRIMARY",
        confirmMessage: if(
          or(
            isnull(ri!assignee),
            isusermemberofgroup(ri!assignee, #"_a-0000df6d-83a9-8000-9ba2-011c48011c48_99809")
          ),
          "",
          "Are you sure you want to send a task to this user? They will receive access to all records in the End User Licensing application."
        ),
        saveInto: {
          a!save(ri!taskedOn, now()),
          a!save(ri!taskFrom, loggedinuser())
        }
      )
    },
    secondaryButtons: {
      #"SYSTEM_SYSRULES_ButtonWidgetSubmit"(
        label: "Cancel",
        style: "NORMAL",
        value: true,
        saveInto: ri!cancel,
        skipValidation: true
      )
    }
  )
)</definition>
        <namedTypedValue>
            <name>assignee</name>
            <type>
                <name>User</name>
                <namespace>http://www.appian.com/ae/types/2009</namespace>
            </type>
        </namedTypedValue>
        <namedTypedValue>
            <name>taskDetails</name>
            <type>
                <name>string</name>
                <namespace>http://www.w3.org/2001/XMLSchema</namespace>
            </type>
            <value/>
        </namedTypedValue>
        <namedTypedValue>
            <name>taskedOn</name>
            <type>
                <name>dateTime</name>
                <namespace>http://www.w3.org/2001/XMLSchema</namespace>
            </type>
        </namedTypedValue>
        <namedTypedValue>
            <name>taskFrom</name>
            <type>
                <name>User</name>
                <namespace>http://www.appian.com/ae/types/2009</namespace>
            </type>
        </namedTypedValue>
        <namedTypedValue>
            <name>recordId</name>
            <type>
                <name>int</name>
                <namespace>http://www.w3.org/2001/XMLSchema</namespace>
            </type>
        </namedTypedValue>
        <namedTypedValue>
            <name>cancel</name>
            <type>
                <name>boolean</name>
                <namespace>http://www.w3.org/2001/XMLSchema</namespace>
            </type>
        </namedTypedValue>
        <namedTypedValue>
            <name>deadline</name>
            <type>
                <name>dateTime</name>
                <namespace>http://www.w3.org/2001/XMLSchema</namespace>
            </type>
        </namedTypedValue>
        <metadataExpr></metadataExpr>
        <preferredEditor>interface</preferredEditor>
        <offlineEnabled>false</offlineEnabled>
    </rule>
    <roleMap public="true">
        <role inherit="true" allowForAll="false" name="readers">
            <users/>
            <groups/>
        </role>
        <role inherit="true" allowForAll="false" name="authors">
            <users/>
            <groups/>
        </role>
        <role inherit="true" allowForAll="false" name="administrators">
            <users/>
            <groups/>
        </role>
        <role inherit="false" allowForAll="false" name="denyReaders">
            <users/>
            <groups/>
        </role>
        <role inherit="false" allowForAll="false" name="denyAuthors">
            <users/>
            <groups/>
        </role>
        <role inherit="false" allowForAll="false" name="denyAdministrators">
            <users/>
            <groups/>
        </role>
    </roleMap>
    <history>
        <historyInfo versionUuid="_a-0000df6d-83a9-8000-9ba2-011c48011c48_100376"/>
    </history>
</contentHaul>
