<?xml version="1.0" encoding="UTF-8" standalone="yes"?>
<contentHaul xmlns:a="http://www.appian.com/ae/types/2009">
    <versionUuid>_a-0000df6d-83a9-8000-9ba2-011c48011c48_100472</versionUuid>
    <rule>
        <name>EUL_GetAllCreationMonths</name>
        <uuid>_a-0000df6d-83a9-8000-9ba2-011c48011c48_99837</uuid>
        <description>Rule that returns a formatted dictionary of the last six months and how many End User License records were created in each of those months [Reports]</description>
        <parentUuid>da71e253-200d-4df5-90ac-af9183c8c576</parentUuid>
        <visibility>
            <advertise>false</advertise>
            <hierarchy>true</hierarchy>
            <indexable>true</indexable>
            <quota>false</quota>
            <searchable>true</searchable>
            <system>false</system>
            <unlogged>false</unlogged>
        </visibility>
        <definition>with(
  /* Turns a list of creation date-times to a list of      *
   * months and years, e.g. 2016-3, 2016-3, 2016-4,-2016-6 */
  local!allCreationMonths: if(
    ri!recordsbyMonth.totalCount=0,
    {},
    #"SYSTEM_SYSRULES_forEach"(
      items: ri!recordsByMonth.data.createdOn,
      expression: text(fv!item, "YYYY-M")
    )
  ),
  /* Returns a dictionary of the number of times each of those *
   * months appears in the data set                            */
  #"SYSTEM_SYSRULES_forEach"(
    items: #"_a-0000df6d-83a9-8000-9ba2-011c48011c48_99869"(
      startIndex: -5,
      endIndex: 0
    ),
    expression: {
      month: fv!item,
      count: length(wherecontains(fv!item, touniformstring(local!allCreationMonths)))
    }    
  )
)</definition>
        <namedTypedValue>
            <name>recordsByMonth</name>
            <type>
                <name>DataSubset</name>
                <namespace>http://www.appian.com/ae/types/2009</namespace>
            </type>
        </namedTypedValue>
        <preferredEditor>legacy</preferredEditor>
        <offlineEnabled>false</offlineEnabled>
    </rule>
    <roleMap public="true">
        <role inherit="true" allowForAll="false" name="readers">
            <users/>
            <groups/>
        </role>
        <role inherit="true" allowForAll="false" name="authors">
            <users/>
            <groups/>
        </role>
        <role inherit="true" allowForAll="false" name="administrators">
            <users/>
            <groups/>
        </role>
        <role inherit="false" allowForAll="false" name="denyReaders">
            <users/>
            <groups/>
        </role>
        <role inherit="false" allowForAll="false" name="denyAuthors">
            <users/>
            <groups/>
        </role>
        <role inherit="false" allowForAll="false" name="denyAdministrators">
            <users/>
            <groups/>
        </role>
    </roleMap>
    <history>
        <historyInfo versionUuid="_a-0000df6d-83a9-8000-9ba2-011c48011c48_100472"/>
    </history>
</contentHaul>
