<?xml version="1.0" encoding="UTF-8" standalone="yes"?>
<contentHaul xmlns:a="http://www.appian.com/ae/types/2009">
    <versionUuid>_a-0000df6d-83a9-8000-9ba2-011c48011c48_100033</versionUuid>
    <communityKnowledgeCenter>
        <name>EUL Documents</name>
        <uuid>c1805289-2a69-4a01-8da3-ec4b6e5b93af_KC</uuid>
        <description>Knowledge Center containing record and message attachments for End User Licenses [Document Management]</description>
        <parentUuid>SYSTEM_COMMUNITY_ROOT</parentUuid>
        <visibility>
            <advertise>true</advertise>
            <hierarchy>true</hierarchy>
            <indexable>true</indexable>
            <quota>false</quota>
            <searchable>true</searchable>
            <system>false</system>
            <unlogged>false</unlogged>
        </visibility>
        <expirationDays>0</expirationDays>
    </communityKnowledgeCenter>
    <roleMap public="true">
        <role inherit="false" allowForAll="false" name="readers">
            <users/>
            <groups/>
        </role>
        <role inherit="false" allowForAll="false" name="authors">
            <users/>
            <groups>
                <groupUuid>_e-0000df6d-8369-8000-9aee-01075c01075c_48</groupUuid>
            </groups>
        </role>
        <role inherit="true" allowForAll="false" name="administrators">
            <users/>
            <groups>
                <groupUuid>_e-0000df6d-8369-8000-9aee-01075c01075c_47</groupUuid>
            </groups>
        </role>
        <role inherit="false" allowForAll="false" name="denyReaders">
            <users/>
            <groups/>
        </role>
        <role inherit="false" allowForAll="false" name="denyAuthors">
            <users/>
            <groups/>
        </role>
        <role inherit="false" allowForAll="false" name="denyAdministrators">
            <users/>
            <groups/>
        </role>
    </roleMap>
    <history>
        <historyInfo versionUuid="_a-0000df6d-83a9-8000-9ba2-011c48011c48_85559"/>
        <historyInfo versionUuid="_a-0000df6d-83a9-8000-9ba2-011c48011c48_86517"/>
        <historyInfo versionUuid="_a-0000df6d-83a9-8000-9ba2-011c48011c48_91459"/>
        <historyInfo versionUuid="_a-0000df6d-83a9-8000-9ba2-011c48011c48_92547"/>
        <historyInfo versionUuid="_a-0000df6d-83a9-8000-9ba2-011c48011c48_93547"/>
        <historyInfo versionUuid="_a-0000df6d-83a9-8000-9ba2-011c48011c48_96465"/>
        <historyInfo versionUuid="_a-0000df6d-83a9-8000-9ba2-011c48011c48_99126"/>
        <historyInfo versionUuid="_a-0000df6d-83a9-8000-9ba2-011c48011c48_100033"/>
    </history>
</contentHaul>
