<?xml version="1.0" encoding="UTF-8" standalone="yes"?>
<applicationHaul xmlns:a="http://www.appian.com/ae/types/2009">
    <versionUuid>_a-0000df6d-83a9-8000-9ba2-011c48011c48_100558</versionUuid>
    <application>
        <name>End User Licensing</name>
        <uuid>_a-0000df6d-83a9-8000-9ba2-011c48011c48_85259</uuid>
        <description>Application to track the assignment of software licenses</description>
        <parentUuid>SYSTEM_APPLICATIONS_ROOT</parentUuid>
        <visibility>
            <advertise>false</advertise>
            <hierarchy>true</hierarchy>
            <indexable>true</indexable>
            <quota>false</quota>
            <searchable>true</searchable>
            <system>false</system>
            <unlogged>false</unlogged>
        </visibility>
        <urlIdentifier>d8LOHw</urlIdentifier>
        <published>true</published>
        <public>false</public>
        <associatedObjects>
            <globalIdMap>
                <item>
                    <type>datatype</type>
                    <uuids>
                        <uuid>{urn:com:appian:types:EUL}EUL_Paragraph</uuid>
                        <uuid>{urn:com:appian:types:EUL}EUL_Status</uuid>
                        <uuid>{urn:com:appian:types:EUL}EUL_Priority</uuid>
                        <uuid>{urn:com:appian:types:EUL}EUL_Activity</uuid>
                        <uuid>{urn:com:appian:types:EUL}EUL_EndUserLicense</uuid>
                    </uuids>
                </item>
                <item>
                    <type>dataStore</type>
                    <uuids>
                        <uuid>_a-0000df6d-83a9-8000-9ba2-011c48011c48_99985</uuid>
                    </uuids>
                </item>
                <item>
                    <type>user</type>
                    <uuids/>
                </item>
                <item>
                    <type>groupType</type>
                    <uuids/>
                </item>
                <item>
                    <type>group</type>
                    <uuids>
                        <uuid>_e-0000df6d-8369-8000-9aee-01075c01075c_48</uuid>
                        <uuid>_e-0000df6d-8369-8000-9aee-01075c01075c_47</uuid>
                    </uuids>
                </item>
                <item>
                    <type>content</type>
                    <uuids>
                        <uuid>8478837e-9b98-48d5-93ed-a6245e413cf2</uuid>
                        <uuid>_a-0000df6d-83a9-8000-9ba2-011c48011c48_99973</uuid>
                        <uuid>_a-0000df6d-83a9-8000-9ba2-011c48011c48_99977</uuid>
                        <uuid>_a-0000df6d-83a9-8000-9ba2-011c48011c48_99981</uuid>
                        <uuid>_a-0000df6d-83a9-8000-9ba2-011c48011c48_100002</uuid>
                        <uuid>_a-0000df6d-83a9-8000-9ba2-011c48011c48_99998</uuid>
                        <uuid>9f172302-723a-4828-8be3-1e7ab87fd898_CHANGEDSECONSTANT</uuid>
                        <uuid>2d645698-7122-40d3-bf80-8c01d27f57bc_MAINDSECONSTANT</uuid>
                        <uuid>_a-0000df6d-83a9-8000-9ba2-011c48011c48_100014</uuid>
                        <uuid>_a-0000df6d-83a9-8000-9ba2-011c48011c48_100018</uuid>
                        <uuid>_a-0000df6d-83a9-8000-9ba2-011c48011c48_100022</uuid>
                        <uuid>da71e253-200d-4df5-90ac-af9183c8c576</uuid>
                        <uuid>c1805289-2a69-4a01-8da3-ec4b6e5b93af_KC</uuid>
                        <uuid>785e70e5-fa60-4e61-8b92-edb58b8bb4ef</uuid>
                        <uuid>_a-0000df6d-83a9-8000-9ba2-011c48011c48_99789</uuid>
                        <uuid>40986288-8870-4f82-a057-34b4a99736e3_ACTIONSKIPPED</uuid>
                        <uuid>333e6823-2f31-4e0b-83ec-e237ee0d0dbf_FORMATNAME</uuid>
                        <uuid>_a-0000df6d-83a9-8000-9ba2-011c48011c48_99853</uuid>
                        <uuid>_a-0000df6d-83a9-8000-9ba2-011c48011c48_99797</uuid>
                        <uuid>_a-0000df6d-83a9-8000-9ba2-011c48011c48_99845</uuid>
                        <uuid>_a-0000df6d-83a9-8000-9ba2-011c48011c48_99893</uuid>
                        <uuid>_a-0000df6d-83a9-8000-9ba2-011c48011c48_99793</uuid>
                        <uuid>3d6cfc3c-7800-424f-9f3a-11e7fd8fcb63_ACTIONCOMPLETED</uuid>
                        <uuid>_a-0000df6d-83a9-8000-9ba2-011c48011c48_99805</uuid>
                        <uuid>6e9c6dbc-17ee-41cc-971f-a36414625d25_MAKEACTIVITYCDT</uuid>
                        <uuid>c7b5436d-d780-411d-b6bd-01235d9f83c7_GETONERECORD</uuid>
                        <uuid>_a-0000df6d-83a9-8000-9ba2-011c48011c48_99877</uuid>
                        <uuid>_a-0000df6d-83a9-8000-9ba2-011c48011c48_99857</uuid>
                        <uuid>_a-0000df6d-83a9-8000-9ba2-011c48011c48_99921</uuid>
                        <uuid>_a-0000df6d-83a9-8000-9ba2-011c48011c48_99841</uuid>
                        <uuid>_a-0000df6d-83a9-8000-9ba2-011c48011c48_99901</uuid>
                        <uuid>_a-0000df6d-83a9-8000-9ba2-011c48011c48_99873</uuid>
                        <uuid>_a-0000df6d-83a9-8000-9ba2-011c48011c48_99829</uuid>
                        <uuid>_a-0000df6d-83a9-8000-9ba2-011c48011c48_99905</uuid>
                        <uuid>_a-0000df6d-83a9-8000-9ba2-011c48011c48_99917</uuid>
                        <uuid>_a-0000df6d-83a9-8000-9ba2-011c48011c48_99929</uuid>
                        <uuid>_a-0000df6d-83a9-8000-9ba2-011c48011c48_99933</uuid>
                        <uuid>_a-0000df6d-83a9-8000-9ba2-011c48011c48_99809</uuid>
                        <uuid>_a-0000df6d-83a9-8000-9ba2-011c48011c48_99897</uuid>
                        <uuid>_a-0000df6d-83a9-8000-9ba2-011c48011c48_99925</uuid>
                        <uuid>_a-0000df6d-83a9-8000-9ba2-011c48011c48_99957</uuid>
                        <uuid>3478890a-165f-4814-9632-b2174b399ab4_TASKFORM</uuid>
                        <uuid>_a-0000df6d-83a9-8000-9ba2-011c48011c48_99949</uuid>
                        <uuid>_a-0000df6d-83a9-8000-9ba2-011c48011c48_99945</uuid>
                        <uuid>_a-0000df6d-83a9-8000-9ba2-011c48011c48_99825</uuid>
                        <uuid>2ad3656f-85ea-4969-abad-433a29d8ad2f_ATTACH</uuid>
                        <uuid>_a-0000df6d-83a9-8000-9ba2-011c48011c48_99817</uuid>
                        <uuid>_a-0000df6d-83a9-8000-9ba2-011c48011c48_99909</uuid>
                        <uuid>_a-0000df6d-83a9-8000-9ba2-011c48011c48_99821</uuid>
                        <uuid>a6aee516-32bc-44cb-9af2-d3414ceb481b</uuid>
                        <uuid>_a-0000df6d-83a9-8000-9ba2-011c48011c48_99833</uuid>
                        <uuid>_a-0000df6d-83a9-8000-9ba2-011c48011c48_99813</uuid>
                        <uuid>_a-0000df6d-83a9-8000-9ba2-011c48011c48_99869</uuid>
                        <uuid>_a-0000df6d-83a9-8000-9ba2-011c48011c48_99837</uuid>
                        <uuid>_a-0000df6d-83a9-8000-9ba2-011c48011c48_99849</uuid>
                        <uuid>_a-0000df6d-83a9-8000-9ba2-011c48011c48_99889</uuid>
                        <uuid>_a-0000df6d-83a9-8000-9ba2-011c48011c48_99885</uuid>
                        <uuid>_a-0000df6d-83a9-8000-9ba2-011c48011c48_99965</uuid>
                        <uuid>_a-0000df6d-83a9-8000-9ba2-011c48011c48_99913</uuid>
                        <uuid>_a-0000df6d-83a9-8000-9ba2-011c48011c48_99937</uuid>
                        <uuid>_a-0000df6d-83a9-8000-9ba2-011c48011c48_99969</uuid>
                        <uuid>_a-0000df6d-83a9-8000-9ba2-011c48011c48_99961</uuid>
                    </uuids>
                </item>
                <item>
                    <type>forum</type>
                    <uuids/>
                </item>
                <item>
                    <type>processModelFolder</type>
                    <uuids>
                        <uuid>69a3faad-63fa-4a1b-acb3-8546a6680bca</uuid>
                    </uuids>
                </item>
                <item>
                    <type>processModel</type>
                    <uuids>
                        <uuid>3bb190d5-2c6b-4b3d-bcde-d8b077593388</uuid>
                        <uuid>b8d8e564-fcc2-45c9-aa22-b7e7ff0a60bc</uuid>
                        <uuid>23d3ce02-021c-46a1-8dd7-b4003c22f6c0</uuid>
                        <uuid>17056a8b-4b04-4513-b23d-3e5b4c6c8083</uuid>
                    </uuids>
                </item>
                <item>
                    <type>portlet</type>
                    <uuids/>
                </item>
                <item>
                    <type>page</type>
                    <uuids/>
                </item>
                <item>
                    <type>application</type>
                    <uuids/>
                </item>
                <item>
                    <type>tempoFeed</type>
                    <uuids>
                        <uuid>6b5f2fe2-692a-44b1-b0c8-1b3d37d3daa7</uuid>
                    </uuids>
                </item>
                <item>
                    <type>recordType</type>
                    <uuids>
                        <uuid>649564df-b146-4371-83e5-2f7af136b222</uuid>
                    </uuids>
                </item>
                <item>
                    <type>tempoReport</type>
                    <uuids>
                        <uuid>5b13c7c6-e458-4ee1-b76f-07d94d52639a</uuid>
                    </uuids>
                </item>
                <item>
                    <type>taskReport</type>
                    <uuids>
                        <uuid>07c029b5-1897-4b10-a723-fc038dbbc93a</uuid>
                    </uuids>
                </item>
                <item>
                    <type>webApi</type>
                    <uuids/>
                </item>
                <item>
                    <type>site</type>
                    <uuids>
                        <uuid>0ce801da-db2e-4742-b3b5-821c717be607_SITE</uuid>
                    </uuids>
                </item>
                <item>
                    <type>adminSetting</type>
                    <uuids/>
                </item>
                <item>
                    <type>thirdPartyCredentials</type>
                    <uuids/>
                </item>
                <item>
                    <type>dataSource</type>
                    <uuids/>
                </item>
                <item>
                    <type>embeddedSailTheme</type>
                    <uuids/>
                </item>
                <item>
                    <type>connectedSystem</type>
                    <uuids/>
                </item>
            </globalIdMap>
        </associatedObjects>
        <applicationNavigation/>
        <applicationActions>
            <action>
                <displayLabel>New End User License</displayLabel>
                <description>Create a new End User License</description>
                <processModelUuid>17056a8b-4b04-4513-b23d-3e5b4c6c8083</processModelUuid>
                <actionUuid>bf508a53-a886-4109-950b-76bf905888b9</actionUuid>
            </action>
        </applicationActions>
        <associatedApplications>
            <globalIdMap>
                <item>
                    <type>datatype</type>
                    <uuids/>
                </item>
                <item>
                    <type>dataStore</type>
                    <uuids/>
                </item>
                <item>
                    <type>user</type>
                    <uuids/>
                </item>
                <item>
                    <type>groupType</type>
                    <uuids/>
                </item>
                <item>
                    <type>group</type>
                    <uuids/>
                </item>
                <item>
                    <type>content</type>
                    <uuids/>
                </item>
                <item>
                    <type>forum</type>
                    <uuids/>
                </item>
                <item>
                    <type>processModelFolder</type>
                    <uuids/>
                </item>
                <item>
                    <type>processModel</type>
                    <uuids/>
                </item>
                <item>
                    <type>portlet</type>
                    <uuids/>
                </item>
                <item>
                    <type>page</type>
                    <uuids/>
                </item>
                <item>
                    <type>application</type>
                    <uuids/>
                </item>
                <item>
                    <type>tempoFeed</type>
                    <uuids/>
                </item>
                <item>
                    <type>recordType</type>
                    <uuids/>
                </item>
                <item>
                    <type>tempoReport</type>
                    <uuids/>
                </item>
                <item>
                    <type>taskReport</type>
                    <uuids/>
                </item>
                <item>
                    <type>webApi</type>
                    <uuids/>
                </item>
                <item>
                    <type>site</type>
                    <uuids/>
                </item>
                <item>
                    <type>adminSetting</type>
                    <uuids/>
                </item>
                <item>
                    <type>thirdPartyCredentials</type>
                    <uuids/>
                </item>
                <item>
                    <type>dataSource</type>
                    <uuids/>
                </item>
                <item>
                    <type>embeddedSailTheme</type>
                    <uuids/>
                </item>
                <item>
                    <type>connectedSystem</type>
                    <uuids/>
                </item>
            </globalIdMap>
        </associatedApplications>
    </application>
    <roleMap>
        <contentRoleMap public="true">
            <role inherit="false" allowForAll="false" name="readers">
                <users/>
                <groups>
                    <groupUuid>_e-0000df6d-8369-8000-9aee-01075c01075c_48</groupUuid>
                </groups>
            </role>
            <role inherit="false" allowForAll="false" name="authors">
                <users/>
                <groups/>
            </role>
            <role inherit="false" allowForAll="false" name="administrators">
                <users/>
                <groups>
                    <groupUuid>_e-0000df6d-8369-8000-9aee-01075c01075c_47</groupUuid>
                </groups>
            </role>
            <role inherit="false" allowForAll="false" name="denyReaders">
                <users/>
                <groups/>
            </role>
            <role inherit="false" allowForAll="false" name="denyAuthors">
                <users/>
                <groups/>
            </role>
            <role inherit="false" allowForAll="false" name="denyAdministrators">
                <users/>
                <groups/>
            </role>
        </contentRoleMap>
    </roleMap>
    <history>
        <historyInfo versionUuid="_a-0000df6d-83a9-8000-9ba2-011c48011c48_86087"/>
        <historyInfo versionUuid="_a-0000df6d-83a9-8000-9ba2-011c48011c48_87042"/>
        <historyInfo versionUuid="_a-0000df6d-83a9-8000-9ba2-011c48011c48_91984"/>
        <historyInfo versionUuid="_a-0000df6d-83a9-8000-9ba2-011c48011c48_93072"/>
        <historyInfo versionUuid="_a-0000df6d-83a9-8000-9ba2-011c48011c48_94072"/>
        <historyInfo versionUuid="_a-0000df6d-83a9-8000-9ba2-011c48011c48_96990"/>
        <historyInfo versionUuid="_a-0000df6d-83a9-8000-9ba2-011c48011c48_99651"/>
        <historyInfo versionUuid="_a-0000df6d-83a9-8000-9ba2-011c48011c48_100558"/>
    </history>
</applicationHaul>
