<?xml version="1.0" encoding="UTF-8" standalone="yes"?>
<taskReportHaul xmlns:a="http://www.appian.com/ae/types/2009">
    <taskReport a:uuid="07c029b5-1897-4b10-a723-fc038dbbc93a" name="End User Licensing">
        <a:description>Task report showing open tasks in the End User Licensing application [Tasking]</a:description>
        <a:uiExpr>=#"_a-0000df6d-83a9-8000-9ba2-011c48011c48_99961"()</a:uiExpr>
        <a:urlStub>QSmEkw</a:urlStub>
    </taskReport>
    <roleMap>
        <role name="report_administrator">
            <users/>
            <groups>
                <groupUuid>_e-0000df6d-8369-8000-9aee-01075c01075c_47</groupUuid>
            </groups>
        </role>
        <role name="report_viewer">
            <users/>
            <groups>
                <groupUuid>_e-0000df6d-8369-8000-9aee-01075c01075c_48</groupUuid>
            </groups>
        </role>
    </roleMap>
</taskReportHaul>
