<?xml version="1.0" encoding="UTF-8" standalone="yes"?>
<recordTypeHaul xmlns:a="http://www.appian.com/ae/types/2009">
    <versionUuid>0c927193-6575-448c-93c2-47210e2fc570</versionUuid>
    <recordType a:uuid="649564df-b146-4371-83e5-2f7af136b222" name="End User License">
        <a:pluralName>End User Licenses</a:pluralName>
        <a:description>List of entries in the End User Licensing application</a:description>
        <a:urlStub>EhZVrA</a:urlStub>
        <a:source xmlns:xsi="http://www.w3.org/2001/XMLSchema-instance" xsi:type="a:DataStoreEntity" a:uuid="fe29773b-8a36-4263-a617-0b0760aaf078@_a-0000df6d-83a9-8000-9ba2-011c48011c48_99985"/>
        <a:listViewTemplateExpr>#"SYSTEM_SYSRULES_recordGridLayoutColumns"(
  emptygridmessage: "No End User Licenses available",
  columns: {
    #"SYSTEM_SYSRULES_gridLayoutColumn"(
      label: "Software",
      weight: 7,
      field: "software",
      component: #"SYSTEM_SYSRULES_recordGrid_linkField"(
        links: #"SYSTEM_SYSRULES_recordLink"(
          label: rf!software,
          recordType: rp!type,
          identifier: rp!id
        )
      )
    ),
    #"SYSTEM_SYSRULES_gridLayoutColumn"(
      label: "Status",
      width: "DISTRIBUTE",
      weight: 3,
      field: "status.order",
      component: #"SYSTEM_SYSRULES_recordGrid_textField"(
        displayvalue: rf!status.value
      )
    ),
    #"SYSTEM_SYSRULES_gridLayoutColumn"(
      label: "Priority",
      width: "DISTRIBUTE",
      weight: 2,
      field: "priority.order",
      align: "CENTER",
      component: #"SYSTEM_SYSRULES_recordGrid_imageField"(
        images: {
          if(
            isnull(#"_a-0000df6d-83a9-8000-9ba2-011c48011c48_99905"(rf!priority.value)),
            {},
            #"_a-0000df6d-83a9-8000-9ba2-011c48011c48_99905"(rf!priority.value)
          )
        },
        size: "ICON"
      )
    ),
    #"SYSTEM_SYSRULES_gridLayoutColumn"(
      label: "Created By",
      weight: 4,
      field: "createdBy",
      component: #"SYSTEM_SYSRULES_recordGrid_linkField"(
        links: {
          #"SYSTEM_SYSRULES_userRecordLink"(
            label: #"333e6823-2f31-4e0b-83ec-e237ee0d0dbf_FORMATNAME"(rf!createdBy),
            user: rf!createdBy
          )
        }
      )
    ),
    #"SYSTEM_SYSRULES_gridLayoutColumn"(
      label: "Updated On",
      width: "DISTRIBUTE",
      weight: 2,
      field: "updatedOn",
      align: "RIGHT",
      component: #"SYSTEM_SYSRULES_recordGrid_textField"(
        displayvalue: #"_a-0000df6d-83a9-8000-9ba2-011c48011c48_99857"(rf!updatedOn),
        align: "RIGHT"
      )
    )
  },
  pageSize: 50,
  defaultSort: #"SYSTEM_SYSRULES_sortInfo"(
    field: "updatedOn",
    ascending: false
  )
)</a:listViewTemplateExpr>
        <a:fieldCfg name="Status">
            <a:isSortable>false</a:isSortable>
            <a:isSearchable>false</a:isSearchable>
            <a:isFacet>true</a:isFacet>
            <a:facetType>EXPRESSION</a:facetType>
            <a:isExclusiveFacet>true</a:isExclusiveFacet>
            <a:facetExpr>with(
  local!options: #"_a-0000df6d-83a9-8000-9ba2-011c48011c48_100014"(),
  local!statusCounts: #"SYSTEM_SYSRULES_queryEntity"(
    entity: #"2d645698-7122-40d3-bf80-8c01d27f57bc_MAINDSECONSTANT",
    query: #"SYSTEM_SYSRULES_query"(
      aggregation: #"SYSTEM_SYSRULES_queryAggregation"(
        aggregationColumns: {
          #"SYSTEM_SYSRULES_queryAggregationColumn"(field: "status.value", isGrouping: true),
          #"SYSTEM_SYSRULES_queryAggregationColumn"(field: "id", aggregationFunction: "COUNT")
        }
      ),
      pagingInfo: #"SYSTEM_SYSRULES_pagingInfo"(1, -1, #"SYSTEM_SYSRULES_sortInfo"("status.value", true))
    )
  ),
  local!statusCountsOrdered: if(
    local!statusCounts.totalCount = 0,
    {},
    #"SYSTEM_SYSRULES_forEach"(
      items: local!options.value,
      expression: #"_a-0000df6d-83a9-8000-9ba2-011c48011c48_99889"(
        local!statusCounts.data.id,
        local!statusCounts.data.status.value,
        fv!item
      )
    )
  ),
  #"SYSTEM_SYSRULES_facet_v1"(
    name: "Status",
    options: #"SYSTEM_SYSRULES_forEach"(
      items: local!options,
      expression: #"_a-0000df6d-83a9-8000-9ba2-011c48011c48_99885"(fv!item, "status", index(local!statusCountsOrdered, fv!index, null))
    )
  )
)</a:facetExpr>
            <a:sortOrderIndex>0</a:sortOrderIndex>
            <a:facetOrderIndex>0</a:facetOrderIndex>
            <a:allowMultipleSelections>false</a:allowMultipleSelections>
        </a:fieldCfg>
        <a:fieldCfg name="Priority">
            <a:isSortable>false</a:isSortable>
            <a:isSearchable>false</a:isSearchable>
            <a:isFacet>true</a:isFacet>
            <a:facetType>EXPRESSION</a:facetType>
            <a:isExclusiveFacet>true</a:isExclusiveFacet>
            <a:facetExpr>with(
  local!options2: #"_a-0000df6d-83a9-8000-9ba2-011c48011c48_100018"(),
  local!priorityCounts: #"SYSTEM_SYSRULES_queryEntity"(
    entity: #"2d645698-7122-40d3-bf80-8c01d27f57bc_MAINDSECONSTANT",
    query: #"SYSTEM_SYSRULES_query"(
      aggregation: #"SYSTEM_SYSRULES_queryAggregation"(
        aggregationColumns: {
          #"SYSTEM_SYSRULES_queryAggregationColumn"(field: "priority.value", isGrouping: true),
          #"SYSTEM_SYSRULES_queryAggregationColumn"(field: "id", aggregationFunction: "COUNT")
        }
      ),
      pagingInfo: #"SYSTEM_SYSRULES_pagingInfo"(1, -1, #"SYSTEM_SYSRULES_sortInfo"("priority.value", true))
    )
  ),
  local!priorityCountsOrdered: if(
    local!priorityCounts.totalCount = 0,
    {},
    #"SYSTEM_SYSRULES_forEach"(
      items: local!options2.value,
      expression: #"_a-0000df6d-83a9-8000-9ba2-011c48011c48_99889"(
        local!priorityCounts.data.id,
        local!priorityCounts.data.priority.value,
        fv!item
      )
    )
  ),
  #"SYSTEM_SYSRULES_facet_v1"(
    name: "Priority",
    options: #"SYSTEM_SYSRULES_forEach"(
      items: local!options2,
      expression: #"_a-0000df6d-83a9-8000-9ba2-011c48011c48_99885"(fv!item, "priority", index(local!priorityCountsOrdered, fv!index, null))
    )
  )
)</a:facetExpr>
            <a:sortOrderIndex>1</a:sortOrderIndex>
            <a:facetOrderIndex>1</a:facetOrderIndex>
            <a:allowMultipleSelections>false</a:allowMultipleSelections>
        </a:fieldCfg>
        <a:fieldCfg name="Created By">
            <a:isSortable>false</a:isSortable>
            <a:isSearchable>false</a:isSearchable>
            <a:isFacet>true</a:isFacet>
            <a:facetType>EXPRESSION</a:facetType>
            <a:isExclusiveFacet>true</a:isExclusiveFacet>
            <a:facetExpr>with(
  local!creators:#"SYSTEM_SYSRULES_queryEntity"(
    entity: #"2d645698-7122-40d3-bf80-8c01d27f57bc_MAINDSECONSTANT",
    query: #"SYSTEM_SYSRULES_query"(
      aggregation: #"SYSTEM_SYSRULES_queryAggregation"(
        aggregationColumns: {
          #"SYSTEM_SYSRULES_queryAggregationColumn"(field: "createdBy", isGrouping: true),
          #"SYSTEM_SYSRULES_queryAggregationColumn"(field: "createdBy", alias: "numberCreated", aggregationFunction: "COUNT")
        }
      ),
      pagingInfo: #"SYSTEM_SYSRULES_pagingInfo"(1, -1, #"SYSTEM_SYSRULES_sortInfo"("createdBy", true))
    )
  ),
  if(
    local!creators.totalCount = 0,
    {},
    #"SYSTEM_SYSRULES_facet_v1"(
      name: "Created By",
      options: #"SYSTEM_SYSRULES_forEach"(
        items: local!creators,
        expression: #"SYSTEM_SYSRULES_facetOption"(
          id: fv!index,
          name: #"333e6823-2f31-4e0b-83ec-e237ee0d0dbf_FORMATNAME"(fv!item.createdBy),
          filter: #"SYSTEM_SYSRULES_queryFilter"(
            field: "createdBy",
            operator: "=",
            value: fv!item.createdBy
          ),
          dataCount: fv!item.numberCreated
        )
      )
    )
  )
)</a:facetExpr>
            <a:sortOrderIndex>2</a:sortOrderIndex>
            <a:facetOrderIndex>2</a:facetOrderIndex>
            <a:visibilityExpr></a:visibilityExpr>
            <a:defaultOptionExpr></a:defaultOptionExpr>
            <a:allowMultipleSelections>false</a:allowMultipleSelections>
        </a:fieldCfg>
        <a:detailViewCfg>
            <a:nameExpr>="Summary"</a:nameExpr>
            <a:uiExpr>#"_a-0000df6d-83a9-8000-9ba2-011c48011c48_99929"(rp!id)</a:uiExpr>
            <a:visibilityExpr>=true()</a:visibilityExpr>
            <a:urlStub>summary</a:urlStub>
            <a:headerExpr></a:headerExpr>
            <a:relatedActionCfg>e91fb419-e563-4afa-9457-66f890a2a794</a:relatedActionCfg>
            <a:relatedActionCfg>d91d3cc9-cfe8-4400-8c1d-5dd531b993b0</a:relatedActionCfg>
            <a:relatedActionCfg>dbd43fc5-0002-4221-9a09-75ef1b39b297</a:relatedActionCfg>
        </a:detailViewCfg>
        <a:detailViewCfg>
            <a:nameExpr>"Activity History"</a:nameExpr>
            <a:uiExpr>#"_a-0000df6d-83a9-8000-9ba2-011c48011c48_99897"(rp!id)</a:uiExpr>
            <a:visibilityExpr>=true()</a:visibilityExpr>
            <a:urlStub>_l5rYKg</a:urlStub>
            <a:headerExpr></a:headerExpr>
            <a:relatedActionCfg>e91fb419-e563-4afa-9457-66f890a2a794</a:relatedActionCfg>
            <a:relatedActionCfg>d91d3cc9-cfe8-4400-8c1d-5dd531b993b0</a:relatedActionCfg>
        </a:detailViewCfg>
        <a:relatedActionCfg>
            <a:target xmlns:xsi="http://www.w3.org/2001/XMLSchema-instance" xsi:type="a:ProcessModel" a:uuid="3bb190d5-2c6b-4b3d-bcde-d8b077593388"/>
            <a:contextExpr>with(
  local!record: #"c7b5436d-d780-411d-b6bd-01235d9f83c7_GETONERECORD"(rp!id),
  {
    record: local!record,
    documents: folder(local!record.folderId, "documentChildren"),
  }
)</a:contextExpr>
            <a:visibilityExpr>=true()</a:visibilityExpr>
            <a:iconId>f044</a:iconId>
            <a:refId>e91fb419-e563-4afa-9457-66f890a2a794</a:refId>
        </a:relatedActionCfg>
        <a:relatedActionCfg>
            <a:target xmlns:xsi="http://www.w3.org/2001/XMLSchema-instance" xsi:type="a:ProcessModel" a:uuid="b8d8e564-fcc2-45c9-aa22-b7e7ff0a60bc"/>
            <a:contextExpr>{
  recordId: rp!id
}</a:contextExpr>
            <a:visibilityExpr>=true()</a:visibilityExpr>
            <a:iconId>f046</a:iconId>
            <a:refId>d91d3cc9-cfe8-4400-8c1d-5dd531b993b0</a:refId>
        </a:relatedActionCfg>
        <a:relatedActionCfg>
            <a:target xmlns:xsi="http://www.w3.org/2001/XMLSchema-instance" xsi:type="a:ProcessModel" a:uuid="23d3ce02-021c-46a1-8dd7-b4003c22f6c0"/>
            <a:contextExpr>{
  record: #"c7b5436d-d780-411d-b6bd-01235d9f83c7_GETONERECORD"(rp!id)
}</a:contextExpr>
            <a:visibilityExpr>=true()</a:visibilityExpr>
            <a:iconId>f014</a:iconId>
            <a:refId>dbd43fc5-0002-4221-9a09-75ef1b39b297</a:refId>
        </a:relatedActionCfg>
        <a:isSystem>false</a:isSystem>
        <a:dataSrcExpr></a:dataSrcExpr>
        <a:facetsListExpr></a:facetsListExpr>
        <a:titleExpr>rf!software</a:titleExpr>
        <a:defaultFiltersExpr></a:defaultFiltersExpr>
        <a:layoutType>GRID</a:layoutType>
        <a:security>16383</a:security>
        <a:hideLatestNews>false</a:hideLatestNews>
    </recordType>
    <roleMap>
        <role name="record_type_administrator">
            <users/>
            <groups>
                <groupUuid>_e-0000df6d-8369-8000-9aee-01075c01075c_47</groupUuid>
            </groups>
        </role>
        <role name="record_type_viewer">
            <users/>
            <groups>
                <groupUuid>_e-0000df6d-8369-8000-9aee-01075c01075c_48</groupUuid>
            </groups>
        </role>
    </roleMap>
    <history>
        <historyInfo versionUuid="af4ccd79-1990-47c5-85e4-9778120b5c65"/>
        <historyInfo versionUuid="2d4d5840-7a61-46dd-acfb-79d9c107c8b5"/>
        <historyInfo versionUuid="12ade528-6617-4e3a-9b17-d44a3733493f"/>
        <historyInfo versionUuid="ac2fb99c-b193-480c-8a07-c45f0d6cb70d"/>
        <historyInfo versionUuid="6cebd44c-cc81-48ab-a018-555c32de443e"/>
        <historyInfo versionUuid="0a2dc57f-fafe-4dfb-a058-0e169822ed75"/>
        <historyInfo versionUuid="dc04bbc7-b1b6-48f5-bd4b-3c1c2cbe8290"/>
        <historyInfo versionUuid="0c927193-6575-448c-93c2-47210e2fc570"/>
    </history>
</recordTypeHaul>
