<?xml version="1.0" encoding="UTF-8"?>
<siteHaul xmlns:a="http://www.appian.com/ae/types/2009" xmlns:xsi="http://www.w3.org/2001/XMLSchema-instance">
  <versionUuid>68bd2f12-6ed4-4cc7-a453-9d8a747ea648</versionUuid>
  <site a:uuid="0ce801da-db2e-4742-b3b5-821c717be607_SITE" name="End User Licensing">
    <description>Application to track the assignment of software licenses</description>
    <urlStub>end-user-licensing</urlStub>
    <page>
      <staticName>End User Licenses</staticName>
      <description/>
      <urlStub>records</urlStub>
      <uiObject a:uuid="649564df-b146-4371-83e5-2f7af136b222" xsi:type="a:RecordType">
        <a:isSystem>false</a:isSystem>
        <a:security>16383</a:security>
        <a:hideLatestNews>false</a:hideLatestNews>
      </uiObject>
      <iconId>f084</iconId>
      <visibilityExpr>fn!true()</visibilityExpr>
      <pageWidth>STANDARD</pageWidth>
    </page>
    <page>
      <staticName>New</staticName>
      <description/>
      <urlStub>new</urlStub>
      <uiObject a:uuid="17056a8b-4b04-4513-b23d-3e5b4c6c8083" xsi:type="a:ProcessModel"/>
      <iconId>f067</iconId>
      <visibilityExpr>fn!true()</visibilityExpr>
      <pageWidth>NARROW</pageWidth>
    </page>
    <page>
      <staticName>Trends</staticName>
      <description/>
      <urlStub>trends</urlStub>
      <uiObject a:uuid="5b13c7c6-e458-4ee1-b76f-07d94d52639a" xsi:type="a:TempoReport"/>
      <iconId>f080</iconId>
      <visibilityExpr>fn!true()</visibilityExpr>
      <pageWidth>WIDE</pageWidth>
    </page>
    <page>
      <staticName>My Tasks</staticName>
      <description/>
      <urlStub>tasks</urlStub>
      <uiObject a:uuid="07c029b5-1897-4b10-a723-fc038dbbc93a" xsi:type="a:TaskReport"/>
      <iconId>f046</iconId>
      <visibilityExpr>fn!true()</visibilityExpr>
      <pageWidth>WIDE</pageWidth>
    </page>
    <visibility>268435456</visibility>
    <headerBackgroundColor/>
    <selectedTabBackgroundColor/>
    <faviconRef a:uuid="SYSTEM_CONTENT_SITES_DEFAULT_FAVICON" xsi:type="a:CollaborationDocument"/>
    <faviconHref/>
    <logoRef a:uuid="SYSTEM_CONTENT_SITES_DEFAULT_LOGO" xsi:type="a:CollaborationDocument"/>
    <logoHref/>
    <headerBackgroundColorExpr/>
    <selectedTabBackgroundColorExpr/>
    <accentColorExpr xsi:nil="true"/>
    <logoExpr xsi:nil="true"/>
    <faviconExpr xsi:nil="true"/>
    <showName>false</showName>
    <tempoLinkVisibility>HIDDEN</tempoLinkVisibility>
  </site>
  <roleMap>
    <role name="site_administrator">
      <users/>
      <groups>
        <groupUuid>_e-0000df6d-8369-8000-9aee-01075c01075c_47</groupUuid>
      </groups>
    </role>
    <role name="site_viewer">
      <users/>
      <groups>
        <groupUuid>_e-0000df6d-8369-8000-9aee-01075c01075c_48</groupUuid>
      </groups>
    </role>
  </roleMap>
  <history>
    <historyInfo versionUuid="a964ab0c-a854-430c-8581-8507a14bcbe6"/>
    <historyInfo versionUuid="3aa3193e-6ef8-4201-8b94-80e0573cf788"/>
    <historyInfo versionUuid="7521cc9f-d34c-455d-91fb-5e8fc6e26e67"/>
    <historyInfo versionUuid="a9311577-8bc1-4417-a13e-6c847611c845"/>
    <historyInfo versionUuid="6a758bbe-d365-4030-ae68-e02f4f01d445"/>
    <historyInfo versionUuid="e858f831-da25-4e0b-9c64-bac10a15c712"/>
    <historyInfo versionUuid="1219743d-d748-49a0-bce0-2e3d226af71c"/>
    <historyInfo versionUuid="68bd2f12-6ed4-4cc7-a453-9d8a747ea648"/>
  </history>
</siteHaul>
