<?xml version="1.0" encoding="UTF-8" standalone="yes"?>
<tempoReportHaul xmlns:a="http://www.appian.com/ae/types/2009">
    <tempoReport a:uuid="5b13c7c6-e458-4ee1-b76f-07d94d52639a" name="End User Licenses">
        <a:description>Report containing information and metrics on End User Licenses</a:description>
        <a:uiExpr>=#"_a-0000df6d-83a9-8000-9ba2-011c48011c48_99937"()</a:uiExpr>
        <a:urlStub>g8Qx8g</a:urlStub>
    </tempoReport>
    <roleMap>
        <role name="report_administrator">
            <users/>
            <groups>
                <groupUuid>_e-0000df6d-8369-8000-9aee-01075c01075c_47</groupUuid>
            </groups>
        </role>
        <role name="report_viewer">
            <users/>
            <groups>
                <groupUuid>_e-0000df6d-8369-8000-9aee-01075c01075c_48</groupUuid>
            </groups>
        </role>
    </roleMap>
</tempoReportHaul>
