<?xml version="1.0" encoding="UTF-8" standalone="yes"?>
<dataStoreHaul xmlns:a="http://www.appian.com/ae/types/2009">
    <dataStore>
        <uuid>_a-0000df6d-83a9-8000-9ba2-011c48011c48_99985</uuid>
        <name>EUL End User Licenses</name>
        <description>Data store containing all application's data store entities. [Data]</description>
        <dataSourceKey>java:/jdbc/Appian</dataSourceKey>
        <adaptingExplicitSqlNames>false</adaptingExplicitSqlNames>
        <autoUpdateSchema>false</autoUpdateSchema>
        <entities>
            <entity>
                <uuid>ec313d42-68be-4b92-a9d6-62a042c47688</uuid>
                <name>EUL_Paragraph</name>
                <type>{urn:com:appian:types:EUL}EUL_Paragraph</type>
            </entity>
            <entity>
                <uuid>5b6a6336-0d4b-4881-b8c3-c142a805a89d</uuid>
                <name>EUL_Status</name>
                <type>{urn:com:appian:types:EUL}EUL_Status</type>
            </entity>
            <entity>
                <uuid>7bf0bd53-4771-4086-92f0-2c9e31a0efcb</uuid>
                <name>EUL_Priority</name>
                <type>{urn:com:appian:types:EUL}EUL_Priority</type>
            </entity>
            <entity>
                <uuid>9a28fb39-a94b-4e24-a75c-aca8746e41bc</uuid>
                <name>EUL_Activity</name>
                <type>{urn:com:appian:types:EUL}EUL_Activity</type>
            </entity>
            <entity>
                <uuid>fe29773b-8a36-4263-a617-0b0760aaf078</uuid>
                <name>EUL_EndUserLicense</name>
                <type>{urn:com:appian:types:EUL}EUL_EndUserLicense</type>
            </entity>
        </entities>
    </dataStore>
    <isPublished>true</isPublished>
    <roleMap>
        <role inherit="false" allowForAll="false" name="administrators">
            <users/>
            <groups>
                <groupUuid>_e-0000df6d-8369-8000-9aee-01075c01075c_47</groupUuid>
            </groups>
        </role>
        <role inherit="false" allowForAll="false" name="authors">
            <users/>
            <groups/>
        </role>
        <role inherit="false" allowForAll="false" name="denyAdministrators">
            <users/>
            <groups/>
        </role>
        <role inherit="false" allowForAll="false" name="denyAuthors">
            <users/>
            <groups/>
        </role>
        <role inherit="false" allowForAll="false" name="denyReaders">
            <users/>
            <groups/>
        </role>
        <role inherit="false" allowForAll="false" name="readers">
            <users/>
            <groups>
                <groupUuid>_e-0000df6d-8369-8000-9aee-01075c01075c_48</groupUuid>
            </groups>
        </role>
    </roleMap>
</dataStoreHaul>
